Workbook

Sheet Total Number of Families
A1: TANF: Total Number of Families
A2: Fiscal Year 2021
A3: 44630
A4: State | B4: Oct-20 | C4: Nov-20 | D4: Dec-20 | E4: Jan-21 | F4: Feb-21 | G4: Mar-21 | H4: Apr-21 | I4: May-21 | J4: Jun-21 | K4: Jul-21 | L4: Aug-21 | M4: Sep-21 | N4: Average FY 2021
A5: U.S. Totals | B5: =SUM(B6:B59) -> 865205 | C5: =SUM(C6:C59) -> 845727 | D5: =SUM(D6:D59) -> 838628 | E5: =SUM(E6:E59) -> 827921 | F5: =SUM(F6:F59) -> 822794 | G5: =SUM(G6:G59) -> 817206 | H5: =SUM(H6:H59) -> 793925 | I5: =SUM(I6:I59) -> 781612 | ... M5: =SUM(M6:M59) -> 753414 | N5: =AVERAGE(B5:M5) -> 804117.08
A6: Alabama | B6: 7242 | C6: 7228 | D6: 7219 | E6: 6889 | F6: 6542 | G6: 6267 | H6: 5973 | I6: 5658 | J6: 5415 | K6: 5478 | L6: 5632 | M6: 5678 | N6: =AVERAGE(B6:M6) -> 6268.4167
A7: Alaska | B7: 2161 | C7: 2013 | D7: 1912 | E7: 1817 | F7: 1840 | G7: 1809 | H7: 1755 | I7: 1672 | J7: 1602 | K7: 1586 | L7: 1560 | M7: 1573 | N7: =AVERAGE(B7:M7) -> 1775
A8: Arizona | B8: 7986 | C8: 7581 | D8: 7675 | E8: 6792 | F8: 6892 | G8: 6963 | H8: 6978 | I8: 7011 | J8: 6866 | K8: 6644 | L8: 6318 | M8: 6113 | N8: =AVERAGE(B8:M8) -> 6984.9167
A9: Arkansas | B9: 2024 | C9: 1953 | D9: 1916 | E9: 1809 | F9: 1786 | G9: 1772 | H9: 1685 | I9: 1615 | J9: 1553 | K9: 1413 | L9: 1397 | M9: 1365 | N9: =AVERAGE(B9:M9) -> 1690.6667
A10: California | B10: 252934 | C10: 243350 | D10: 239355 | E10: 238456 | F10: 238190 | G10: 242476 | H10: 234282 | I10: 233292 | J10: 232429 | K10: 235806 | L10: 229903 | M10: 230894 | N10: =AVERAGE(B10:M10) -> 237613.92
A11: Colorado | B11: 13174 | C11: 12359 | D11: 12415 | E11: 12600 | F11: 12406 | G11: 12180 | H11: 11552 | I11: 11220 | J11: 10549 | K11: 10472 | L11: 10158 | M11: 10373 | N11: =AVERAGE(B11:M11) -> 11621.5
A12: Connecticut | B12: 6394 | C12: 6320 | D12: 6261 | E12: 6150 | F12: 6031 | G12: 5872 | H12: 5706 | I12: 5513 | J12: 5381 | K12: 5230 | L12: 4976 | M12: 4723 | N12: =AVERAGE(B12:M12) -> 5713.0833
A13: Delaware | B13: 2713 | C13: 2650 | D13: 2617 | E13: 2609 | F13: 2635 | G13: 2622 | H13: 2615 | I13: 2654 | J13: 2676 | K13: 2690 | L13: 2689 | M13: 2695 | N13: =AVERAGE(B13:M13) -> 2655.4167
A14: District of Columbia | B14: 6645 | C14: 5167 | D14: 6349 | E14: 5115 | F14: 6242 | G14: 5853 | H14: 5518 | I14: 5761 | J14: 5787 | K14: 8390 | L14: 8036 | M14: 7383 | N14: =AVERAGE(B14:M14) -> 6353.8333
A15: Florida | B15: 44185 | C15: 41491 | D15: 40332 | E15: 39708 | F15: 37845 | G15: 37687 | H15: 37806 | I15: 37865 | J15: 37643 | K15: 36664 | L15: 34198 | M15: 31956 | N15: =AVERAGE(B15:M15) -> 38115
A16: Georgia | B16: 8235 | C16: 8060 | D16: 7999 | E16: 8090 | F16: 7939 | G16: 7691 | H16: 7543 | I16: 7439 | J16: 7320 | K16: 7096 | L16: 7170 | M16: 7286 | N16: =AVERAGE(B16:M16) -> 7655.6667
A17: Guam | B17: 462 | C17: 437 | D17: 432 | E17: 402 | F17: 401 | G17: 387 | H17: 368 | I17: 349 | J17: 348 | K17: 348 | L17: 335 | M17: 333 | N17: =AVERAGE(B17:M17) -> 383.5
... A59: Wyoming | B59: 503 | C59: 487 | D59: 506 | E59: 504 | F59: 502 | G59: 497 | H59: 478 | I59: 459 | J59: 458 | K59: 441 | L59: 448 | M59: 450 | N59: =AVERAGE(B59:M59) -> 477.75
A61: Notes:
A62: Fiscal year average is based on data Oct. 2020 through Sep. 2021

Sheet FY2021-Recipients
B1: 2021
B2: Temporary Assistance for Needy Families (TANF)
B3: AVERAGE MONTHLY NUMBER OF RECIPIENTS, ADULTS, AND CHILDREN: Oct. 2020 - Sep. 2021
B5: State | C5: Total Recipients | D5: Adults | E5: Children
B6: U.S. Totals | C6: ='Total Number of Recipients'!N5 -> 1847643.8 | D6: ='Total-Adult Recipients'!N5 -> 422884.83 | E6: ='Total-Child Recipients'!N5 -> 1424758.9
B7: Alabama | C7: ='Total Number of Recipients'!N6 -> 14108.417 | D7: ='Total-Adult Recipients'!N6 -> 2362.0833 | E7: ='Total-Child Recipients'!N6 -> 11746.333
B8: Alaska | C8: ='Total Number of Recipients'!N7 -> 4727.3333 | D8: ='Total-Adult Recipients'!N7 -> 1446 | E8: ='Total-Child Recipients'!N7 -> 3281.3333
B9: Arizona | C9: ='Total Number of Recipients'!N8 -> 14550.083 | D9: ='Total-Adult Recipients'!N8 -> 2514.4167 | E9: ='Total-Child Recipients'!N8 -> 12035.667
B10: Arkansas | C10: ='Total Number of Recipients'!N9 -> 3717.1667 | D10: ='Total-Adult Recipients'!N9 -> 846.5 | E10: ='Total-Child Recipients'!N9 -> 2870.6667
B11: California | C11: ='Total Number of Recipients'!N10 -> 606783 | D11: ='Total-Adult Recipients'!N10 -> 145371.67 | E11: ='Total-Child Recipients'!N10 -> 461411.33
B12: Colorado | C12: ='Total Number of Recipients'!N11 -> 28059.417 | D12: ='Total-Adult Recipients'!N11 -> 7087.5833 | E12: ='Total-Child Recipients'!N11 -> 20971.833
B13: Connecticut | C13: ='Total Number of Recipients'!N12 -> 12055.333 | D13: ='Total-Adult Recipients'!N12 -> 3147.8333 | E13: ='Total-Child Recipients'!N12 -> 8907.5
B14: Delaware | C14: ='Total Number of Recipients'!N13 -> 7383.1667 | D14: ='Total-Adult Recipients'!N13 -> 3040 | E14: ='Total-Child Recipients'!N13 -> 4343.1667
B15: District of Columbia | C15: ='Total Number of Recipients'!N14 -> 19125.5 | D15: ='Total-Adult Recipients'!N14 -> 4583.5833 | E15: ='Total-Child Recipients'!N14 -> 14541.917
B16: Florida | C16: ='Total Number of Recipients'!N15 -> 67901.833 | D16: ='Total-Adult Recipients'!N15 -> 14115.583 | E16: ='Total-Child Recipients'!N15 -> 53786.25
B17: Georgia | C17: ='Total Number of Recipients'!N16 -> 14632.833 | D17: ='Total-Adult Recipients'!N16 -> 1394.0833 | E17: ='Total-Child Recipients'!N16 -> 13238.75
... B60: Wyoming | C60: ='Total Number of Recipients'!N59 -> 1120.9167 | D60: ='Total-Adult Recipients'!N59 -> 261.08333 | E60: ='Total-Child Recipients'!N59 -> 859.83333
B61: ='Total Number of Families'!$A$3 -> 44630
B63: Notes:
B64: Fiscal year average is based on data Oct. 2020 through Sep. 2021
