Workbook

Sheet TFam
A1: TANF: Total Number of Families
A2: Fiscal Year 2025
A3: 46111
A4: State | B4: 45566 | C4: 45597 | D4: 45627 | E4: 45658 | F4: 45689 | G4: 45717 | H4: 45748 | I4: 45778 | J4: 45809 | K4: 45839 | L4: 45870 | M4: 45901 | N4: 45931 | O4: 45962 | P4: 45992 | Q4: Average FY 2025 | R4: Average CY 2025
A5: U.S. Totals | B5: =SUM(B6:B59) -> 873701 | C5: =SUM(C6:C59) -> 869654 | D5: =SUM(D6:D59) -> 867862 | E5: =SUM(E6:E59) -> 860970 | F5: =SUM(F6:F59) -> 852771 | G5: =SUM(G6:G59) -> 848807 | H5: =SUM(H6:H59) -> 841955 | I5: =SUM(I6:I59) -> 840761 | ... P5: =SUM(P6:P59) -> 807979 | Q5: =AVERAGE(B5:M5) -> 849457.83 | R5: =AVERAGE(E5:P5) -> 836788.33
A6: Alabama | B6: 6163 | C6: 6226 | D6: 6285 | E6: 6146 | F6: 6055 | G6: 5918 | H6: 5789 | I6: 5801 | J6: 5788 | K6: 5795 | L6: 5902 | M6: 5929 | N6: 5982 | O6: 5880 | P6: 5864 | Q6: =AVERAGE(B6:M6) -> 5983.0833 | R6: =AVERAGE(E6:P6) -> 5904.0833
A7: Alaska | B7: 1020 | C7: 992 | D7: 938 | E7: 1046 | F7: 1011 | G7: 1038 | H7: 1053 | I7: 1049 | J7: 1004 | K7: 1020 | L7: 992 | M7: 938 | N7: 880 | O7: 804 | P7: 755 | Q7: =AVERAGE(B7:M7) -> 1008.4167 | R7: =AVERAGE(E7:P7) -> 965.83333
A8: Arizona | B8: 4348 | C8: 4290 | D8: 4279 | E8: 4161 | F8: 4022 | G8: 3958 | H8: 3821 | I8: 3730 | J8: 3598 | K8: 3493 | L8: 3453 | M8: 3250 | N8: 3018 | O8: 2798 | P8: 2602 | Q8: =AVERAGE(B8:M8) -> 3866.9167 | R8: =AVERAGE(E8:P8) -> 3492
A9: Arkansas | B9: 734 | C9: 729 | D9: 748 | E9: 729 | F9: 712 | G9: 687 | H9: 685 | I9: 719 | J9: 747 | K9: 752 | L9: 764 | M9: 835 | N9: 861 | O9: 812 | P9: 821 | Q9: =AVERAGE(B9:M9) -> 736.75 | R9: =AVERAGE(E9:P9) -> 760.33333
A10: California | B10: 308700 | C10: 307607 | D10: 307633 | E10: 307318 | F10: 307399 | G10: 305675 | H10: 304568 | I10: 304149 | J10: 302539 | K10: 301169 | L10: 299729 | M10: 298223 | N10: 303895 | O10: 296566 | P10: 294561 | Q10: =AVERAGE(B10:M10) -> 304559.08 | R10: =AVERAGE(E10:P10) -> 302149.25
A11: Colorado | B11: 14711 | C11: 14721 | D11: 14805 | E11: 13252 | F11: 13544 | G11: 13514 | H11: 13336 | I11: 12863 | J11: 12687 | K11: 12989 | L11: 13424 | M11: 13603 | N11: 13873 | O11: 13331 | P11: 12650 | Q11: =AVERAGE(B11:M11) -> 13620.75 | R11: =AVERAGE(E11:P11) -> 13255.5
A12: Connecticut | B12: 5541 | C12: 5465 | D12: 5367 | E12: 5312 | F12: 5281 | G12: 5172 | H12: 5028 | I12: 4950 | J12: 4908 | K12: 4836 | L12: 4830 | M12: 4854 | N12: 4787 | O12: 4724 | P12: 4579 | Q12: =AVERAGE(B12:M12) -> 5128.6667 | R12: =AVERAGE(E12:P12) -> 4938.4167
A13: Delaware | B13: 2540 | C13: 2507 | D13: 2471 | E13: 2419 | F13: 2382 | G13: 2347 | H13: 2295 | I13: 2311 | J13: 2313 | K13: 2284 | L13: 2267 | M13: 2274 | N13: 2260 | O13: 2188 | P13: 2175 | Q13: =AVERAGE(B13:M13) -> 2367.5 | R13: =AVERAGE(E13:P13) -> 2292.9167
A14: District of Columbia | B14: 5511 | C14: 5834 | D14: 5896 | E14: 5706 | F14: 6030 | G14: 5947 | H14: 5932 | I14: 5642 | J14: 5761 | K14: 6507 | L14: 6221 | M14: 5584 | N14: 3212 | O14: 2868 | P14: 2856 | Q14: =AVERAGE(B14:M14) -> 5880.9167 | R14: =AVERAGE(E14:P14) -> 5188.8333
A15: Florida | B15: 26825 | C15: 26324 | D15: 26106 | E15: 25346 | F15: 23468 | G15: 22833 | H15: 21496 | I15: 20649 | J15: 19877 | K15: 19248 | L15: 18269 | M15: 17624 | N15: 17272 | O15: 17214 | P15: 16563 | Q15: =AVERAGE(B15:M15) -> 22338.75 | R15: =AVERAGE(E15:P15) -> 19988.25
A16: Georgia | B16: 3846 | C16: 3812 | D16: 3858 | E16: 3800 | F16: 3766 | G16: 3715 | H16: 3681 | I16: 3597 | J16: 3581 | K16: 3591 | L16: 3548 | M16: 3537 | N16: 3480 | O16: 3397 | P16: 3420 | Q16: =AVERAGE(B16:M16) -> 3694.3333 | R16: =AVERAGE(E16:P16) -> 3592.75
A17: Guam | B17: 200 | C17: 200 | D17: 197 | E17: 199 | F17: 204 | G17: 207 | H17: 208 | I17: 218 | J17: 231 | K17: 225 | L17: 223 | M17: 209 | N17: 205 | O17: 188 | P17: 183 | Q17: =AVERAGE(B17:M17) -> 210.08333 | R17: =AVERAGE(E17:P17) -> 208.33333
... A59: Wyoming | B59: 471 | C59: 462 | D59: 484 | E59: 460 | F59: 452 | G59: 462 | H59: 453 | I59: 476 | J59: 481 | K59: 454 | L59: 445 | M59: 455 | N59: 457 | O59: 433 | P59: 421 | Q59: =AVERAGE(B59:M59) -> 462.91667 | R59: =AVERAGE(E59:P59) -> 454.08333
A61: Notes:
A62: Fiscal year average is based on data Oct. 2024 through Sep. 2025
A63: Calendar year average is based on data Jan. 2025 through Dec. 2025

Sheet TRec
A1: TANF: Total Number of Recipients
A2: =TFam!$A$2 -> Fiscal Year 2025
A3: =TFam!$A$3 -> 46111
A4: State | B4: =TFam!B4 -> 45566 | C4: =TFam!C4 -> 45597 | D4: =TFam!D4 -> 45627 | E4: =TFam!E4 -> 45658 | F4: =TFam!F4 -> 45689 | G4: =TFam!G4 -> 45717 | H4: =TFam!H4 -> 45748 | I4: =TFam!I4 -> 45778 | ... R4: =TFam!R4 -> Average CY 2025
A5: U.S. Totals | B5: =SUM(B6:B59) -> 2154454 | C5: =SUM(C6:C59) -> 2145087 | D5: =SUM(D6:D59) -> 2142734 | E5: =SUM(E6:E59) -> 2126747 | F5: =SUM(F6:F59) -> 2107646 | G5: =SUM(G6:G59) -> 2092069 | H5: =SUM(H6:H59) -> 2073032 | I5: =SUM(I6:I59) -> 2070874 | ... P5: =SUM(P6:P59) -> 1991851 | Q5: =AVERAGE(B5:M5) -> 2096080 | R5: =AVERAGE(E5:P5) -> 2065847.5
A6: Alabama | B6: 15010 | C6: 15279 | D6: 15411 | E6: 15061 | F6: 14804 | G6: 14292 | H6: 13907 | I6: 13947 | J6: 14042 | K6: 14133 | L6: 14450 | M6: 14496 | N6: 14741 | O6: 14447 | P6: 14435 | Q6: =AVERAGE(B6:M6) -> 14569.333 | R6: =AVERAGE(E6:P6) -> 14396.25
A7: Alaska | B7: 2858 | C7: 2796 | D7: 2625 | E7: 2890 | F7: 2844 | G7: 2920 | H7: 2994 | I7: 2971 | J7: 2822 | K7: 2858 | L7: 2796 | M7: 2625 | N7: 2457 | O7: 2229 | P7: 2074 | Q7: =AVERAGE(B7:M7) -> 2833.25 | R7: =AVERAGE(E7:P7) -> 2706.6667
A8: Arizona | B8: 9066 | C8: 8903 | D8: 9011 | E8: 8702 | F8: 8418 | G8: 8176 | H8: 7783 | I8: 7526 | J8: 7118 | K8: 6887 | L8: 6803 | M8: 6337 | N8: 5782 | O8: 5201 | P8: 4677 | Q8: =AVERAGE(B8:M8) -> 7894.1667 | R8: =AVERAGE(E8:P8) -> 6950.8333
A9: Arkansas | B9: 1806 | C9: 1800 | D9: 1837 | E9: 1802 | F9: 1720 | G9: 1648 | H9: 1622 | I9: 1732 | J9: 1799 | K9: 1827 | L9: 1858 | M9: 2030 | N9: 2101 | O9: 1979 | P9: 1987 | Q9: =AVERAGE(B9:M9) -> 1790.0833 | R9: =AVERAGE(E9:P9) -> 1842.0833
A10: California | B10: 816516 | C10: 813430 | D10: 812349 | E10: 810554 | F10: 810308 | G10: 805325 | H10: 802024 | I10: 799725 | J10: 793700 | K10: 789354 | L10: 786107 | M10: 780686 | N10: 803561 | O10: 781917 | P10: 772525 | Q10: =AVERAGE(B10:M10) -> 801673.17 | R10: =AVERAGE(E10:P10) -> 794648.83
A11: Colorado | B11: 36409 | C11: 36431 | D11: 36658 | E11: 32701 | F11: 33339 | G11: 33236 | H11: 32686 | I11: 31584 | J11: 31169 | K11: 32032 | L11: 33074 | M11: 33561 | N11: 34302 | O11: 32979 | P11: 31245 | Q11: =AVERAGE(B11:M11) -> 33573.333 | R11: =AVERAGE(E11:P11) -> 32659
A12: Connecticut | B12: 13452 | C12: 13376 | D12: 13242 | E12: 13124 | F12: 12996 | G12: 12756 | H12: 12504 | I12: 12356 | J12: 12326 | K12: 12269 | L12: 12211 | M12: 12222 | N12: 12131 | O12: 11944 | P12: 11674 | Q12: =AVERAGE(B12:M12) -> 12736.167 | R12: =AVERAGE(E12:P12) -> 12376.083
A13: Delaware | B13: 7098 | C13: 6976 | D13: 6875 | E13: 6743 | F13: 6610 | G13: 6514 | H13: 6337 | I13: 6392 | J13: 6400 | K13: 6323 | L13: 6252 | M13: 6298 | N13: 6285 | O13: 6070 | P13: 6027 | Q13: =AVERAGE(B13:M13) -> 6568.1667 | R13: =AVERAGE(E13:P13) -> 6354.25
A14: District of Columbia | B14: 18024 | C14: 18972 | D14: 19005 | E14: 18524 | F14: 19501 | G14: 19181 | H14: 19131 | I14: 18340 | J14: 18740 | K14: 21055 | L14: 20279 | M14: 18081 | N14: 9453 | O14: 8220 | P14: 6930 | Q14: =AVERAGE(B14:M14) -> 19069.417 | R14: =AVERAGE(E14:P14) -> 16452.917
A15: Florida | B15: 52243 | C15: 51052 | D15: 50352 | E15: 48152 | F15: 43924 | G15: 42555 | H15: 39116 | I15: 37049 | J15: 35511 | K15: 34303 | L15: 32149 | M15: 30529 | N15: 29668 | O15: 29450 | P15: 28084 | Q15: =AVERAGE(B15:M15) -> 41411.25 | R15: =AVERAGE(E15:P15) -> 35874.167
A16: Georgia | B16: 6605 | C16: 6589 | D16: 6633 | E16: 6541 | F16: 6500 | G16: 6437 | H16: 6367 | I16: 6241 | J16: 6245 | K16: 6245 | L16: 6197 | M16: 6176 | N16: 6078 | O16: 5938 | P16: 5980 | Q16: =AVERAGE(B16:M16) -> 6398 | R16: =AVERAGE(E16:P16) -> 6245.4167
A17: Guam | B17: 475 | C17: 467 | D17: 460 | E17: 477 | F17: 502 | G17: 510 | H17: 503 | I17: 520 | J17: 555 | K17: 539 | L17: 563 | M17: 554 | N17: 560 | O17: 550 | P17: 556 | Q17: =AVERAGE(B17:M17) -> 510.41667 | R17: =AVERAGE(E17:P17) -> 532.41667
... A59: Wyoming | B59: 1127 | C59: 1105 | D59: 1177 | E59: 1127 | F59: 1120 | G59: 1143 | H59: 1114 | I59: 1205 | J59: 1220 | K59: 1135 | L59: 1100 | M59: 1124 | N59: 1111 | O59: 1057 | P59: 1037 | Q59: =AVERAGE(B59:M59) -> 1141.4167 | R59: =AVERAGE(E59:P59) -> 1124.4167
A61: Notes:
A62: =TFam!A62 -> Fiscal year average is based on data Oct. 2024 through Sep. 2025
A63: =TFam!A63 -> Calendar year average is based on data Jan. 2025 through Dec. 2025

Sheet Mar25
A1: March 2025
A2: ='Oct24'!$A$2 -> Temporary Assistance for Needy Families (TANF)
A3: State | B3: Total Families | C3: Two Parent Families | D3: One Parent Families | E3: No Parent Families | F3: Total Recipients | G3: Adults | H3: Children
A4: U.S. Totals | B4: =TFam!G5 -> 848807 | C4: ='Two-par'!G5 -> 58027 | D4: ='One-par'!G5 -> 455134 | E4: ='Zero-par'!G5 -> 335646 | F4: =TRec!G5 -> 2092069 | G4: =Adults!G5 -> 577110 | H4: =Children!G5 -> 1514959
A5: Alabama | B5: =TFam!G6 -> 5918 | C5: ='Two-par'!G6 -> 65 | D5: ='One-par'!G6 -> 2639 | E5: ='Zero-par'!G6 -> 3214 | F5: =TRec!G6 -> 14292 | G5: =Adults!G6 -> 2844 | H5: =Children!G6 -> 11448
A6: Alaska | B6: =TFam!G7 -> 1038 | C6: ='Two-par'!G7 -> 158 | D6: ='One-par'!G7 -> 567 | E6: ='Zero-par'!G7 -> 313 | F6: =TRec!G7 -> 2920 | G6: =Adults!G7 -> 914 | H6: =Children!G7 -> 2006
A7: Arizona | B7: =TFam!G8 -> 3958 | C7: ='Two-par'!G8 -> 181 | D7: ='One-par'!G8 -> 1090 | E7: ='Zero-par'!G8 -> 2687 | F7: =TRec!G8 -> 8176 | G7: =Adults!G8 -> 1468 | H7: =Children!G8 -> 6708
A8: Arkansas | B8: =TFam!G9 -> 687 | C8: ='Two-par'!G9 -> 17 | D8: ='One-par'!G9 -> 394 | E8: ='Zero-par'!G9 -> 276 | F8: =TRec!G9 -> 1648 | G8: =Adults!G9 -> 430 | H8: =Children!G9 -> 1218
A9: California | B9: =TFam!G10 -> 305675 | C9: ='Two-par'!G10 -> 40535 | D9: ='One-par'!G10 -> 162900 | E9: ='Zero-par'!G10 -> 102240 | F9: =TRec!G10 -> 805325 | G9: =Adults!G10 -> 220854 | H9: =Children!G10 -> 584471
A10: Colorado | B10: =TFam!G11 -> 13514 | C10: ='Two-par'!G11 -> 0 | D10: ='One-par'!G11 -> 9306 | E10: ='Zero-par'!G11 -> 4208 | F10: =TRec!G11 -> 33236 | G10: =Adults!G11 -> 9721 | H10: =Children!G11 -> 23515
A11: Connecticut | B11: =TFam!G12 -> 5172 | C11: ='Two-par'!G12 -> 0 | D11: ='One-par'!G12 -> 2367 | E11: ='Zero-par'!G12 -> 2805 | F11: =TRec!G12 -> 12756 | G11: =Adults!G12 -> 3812 | H11: =Children!G12 -> 8944
A12: Delaware | B12: =TFam!G13 -> 2347 | C12: ='Two-par'!G13 -> 5 | D12: ='One-par'!G13 -> 522 | E12: ='Zero-par'!G13 -> 1820 | F12: =TRec!G13 -> 6514 | G12: =Adults!G13 -> 2686 | H12: =Children!G13 -> 3828
A13: District of Columbia | B13: =TFam!G14 -> 5947 | C13: ='Two-par'!G14 -> 0 | D13: ='One-par'!G14 -> 4408 | E13: ='Zero-par'!G14 -> 1539 | F13: =TRec!G14 -> 19181 | G13: =Adults!G14 -> 4408 | H13: =Children!G14 -> 14773
A14: Florida | B14: =TFam!G15 -> 22833 | C14: ='Two-par'!G15 -> 1854 | D14: ='One-par'!G15 -> 6688 | E14: ='Zero-par'!G15 -> 14291 | F14: =TRec!G15 -> 42555 | G14: =Adults!G15 -> 12092 | H14: =Children!G15 -> 30463
A15: Georgia | B15: =TFam!G16 -> 3715 | C15: ='Two-par'!G16 -> 0 | D15: ='One-par'!G16 -> 166 | E15: ='Zero-par'!G16 -> 3549 | F15: =TRec!G16 -> 6437 | G15: =Adults!G16 -> 168 | H15: =Children!G16 -> 6269
... A58: Wyoming | B58: =TFam!G59 -> 462 | C58: ='Two-par'!G59 -> 26 | D58: ='One-par'!G59 -> 240 | E58: ='Zero-par'!G59 -> 196 | F58: =TRec!G59 -> 1143 | G58: =Adults!G59 -> 292 | H58: =Children!G59 -> 851
A59: =TFam!$A$3 -> 46111
A61: Notes:
A62: "-" - data inapplicable

Sheet FYCY2025-Families
A1: 2025
A2: Temporary Assistance for Needy Families (TANF)
A3: AVERAGE MONTHLY NUMBER OF FAMILIES: Oct. 2024 - Dec. 2025
B4: Fiscal Year 2025 (October - September) | H4: Calendar Year 2025 (January - December)
A5: State | B5: Total Families | C5: Two Parent Families | D5: One Parent Families | E5: No Parent Families | G5: State | H5: Total Families | I5: Two Parent Families | J5: One Parent Families | K5: No Parent Families
A6: U.S. Totals | B6: =TFam!Q5 -> 849457.83 | C6: ='Two-par'!Q5 -> 57113.333 | D6: ='One-par'!Q5 -> 458729.58 | E6: ='Zero-par'!Q5 -> 333614.92 | G6: U.S. Totals | H6: =TFam!R5 -> 836788.33 | I6: ='Two-par'!R5 -> 55309.833 | J6: ='One-par'!R5 -> 454539.67 | K6: ='Zero-par'!R5 -> 326938.83
A7: Alabama | B7: =TFam!Q6 -> 5983.0833 | C7: ='Two-par'!Q6 -> 60.75 | D7: ='One-par'!Q6 -> 2722.3333 | E7: ='Zero-par'!Q6 -> 3200 | G7: Alabama | H7: =TFam!R6 -> 5904.0833 | I7: ='Two-par'!R6 -> 65.166667 | J7: ='One-par'!R6 -> 2694.4167 | K7: ='Zero-par'!R6 -> 3144.5
A8: Alaska | B8: =TFam!Q7 -> 1008.4167 | C8: ='Two-par'!Q7 -> 131.25 | D8: ='One-par'!Q7 -> 578.58333 | E8: ='Zero-par'!Q7 -> 298.58333 | G8: Alaska | H8: =TFam!R7 -> 965.83333 | I8: ='Two-par'!R7 -> 122.91667 | J8: ='One-par'!R7 -> 548.41667 | K8: ='Zero-par'!R7 -> 294.5
A9: Arizona | B9: =TFam!Q8 -> 3866.9167 | C9: ='Two-par'!Q8 -> 165.83333 | D9: ='One-par'!Q8 -> 1027.9167 | E9: ='Zero-par'!Q8 -> 2673.1667 | G9: Arizona | H9: =TFam!R8 -> 3492 | I9: ='Two-par'!R8 -> 115.91667 | J9: ='One-par'!R8 -> 861.41667 | K9: ='Zero-par'!R8 -> 2514.6667
A10: Arkansas | B10: =TFam!Q9 -> 736.75 | C10: ='Two-par'!Q9 -> 28.25 | D10: ='One-par'!Q9 -> 427 | E10: ='Zero-par'!Q9 -> 281.5 | G10: Arkansas | H10: =TFam!R9 -> 760.33333 | I10: ='Two-par'!R9 -> 30.75 | J10: ='One-par'!R9 -> 455.58333 | K10: ='Zero-par'!R9 -> 274
A11: California | B11: =TFam!Q10 -> 304559.08 | C11: ='Two-par'!Q10 -> 40149.417 | D11: ='One-par'!Q10 -> 163353.5 | E11: ='Zero-par'!Q10 -> 101056.17 | G11: California | H11: =TFam!R10 -> 302149.25 | I11: ='Two-par'!R10 -> 39668.417 | J11: ='One-par'!R10 -> 162865.33 | K11: ='Zero-par'!R10 -> 99615.5
A12: Colorado | B12: =TFam!Q11 -> 13620.75 | C12: ='Two-par'!Q11 -> 0 | D12: ='One-par'!Q11 -> 9397.8333 | E12: ='Zero-par'!Q11 -> 4222.9167 | G12: Colorado | H12: =TFam!R11 -> 13255.5 | I12: ='Two-par'!R11 -> 0 | J12: ='One-par'!R11 -> 9192.1667 | K12: ='Zero-par'!R11 -> 4063.3333
A13: Connecticut | B13: =TFam!Q12 -> 5128.6667 | C13: ='Two-par'!Q12 -> 0 | D13: ='One-par'!Q12 -> 2330.0833 | E13: ='Zero-par'!Q12 -> 2798.5833 | G13: Connecticut | H13: =TFam!R12 -> 4938.4167 | I13: ='Two-par'!R12 -> 0 | J13: ='One-par'!R12 -> 2243.5833 | K13: ='Zero-par'!R12 -> 2694.8333
A14: Delaware | B14: =TFam!Q13 -> 2367.5 | C14: ='Two-par'!Q13 -> 4.8333333 | D14: ='One-par'!Q13 -> 541.91667 | E14: ='Zero-par'!Q13 -> 1820.75 | G14: Delaware | H14: =TFam!R13 -> 2292.9167 | I14: ='Two-par'!R13 -> 5.1666667 | J14: ='One-par'!R13 -> 508.41667 | K14: ='Zero-par'!R13 -> 1779.3333
A15: District of Columbia | B15: =TFam!Q14 -> 5880.9167 | C15: ='Two-par'!Q14 -> 0 | D15: ='One-par'!Q14 -> 4360.4167 | E15: ='Zero-par'!Q14 -> 1520.5 | G15: District of Columbia | H15: =TFam!R14 -> 5188.8333 | I15: ='Two-par'!R14 -> 0 | J15: ='One-par'!R14 -> 3669.0833 | K15: ='Zero-par'!R14 -> 1519.75
A16: Florida | B16: =TFam!Q15 -> 22338.75 | C16: ='Two-par'!Q15 -> 1770.1667 | D16: ='One-par'!Q15 -> 6023 | E16: ='Zero-par'!Q15 -> 14545.583 | G16: Florida | H16: =TFam!R15 -> 19988.25 | I16: ='Two-par'!R15 -> 1165.4167 | J16: ='One-par'!R15 -> 5124.75 | K16: ='Zero-par'!R15 -> 13698.083
A17: Georgia | B17: =TFam!Q16 -> 3694.3333 | C17: ='Two-par'!Q16 -> 0 | D17: ='One-par'!Q16 -> 157.25 | E17: ='Zero-par'!Q16 -> 3537.0833 | G17: Georgia | H17: =TFam!R16 -> 3592.75 | I17: ='Two-par'!R16 -> 0 | J17: ='One-par'!R16 -> 173.41667 | K17: ='Zero-par'!R16 -> 3419.3333
... A60: Wyoming | B60: =TFam!Q59 -> 462.91667 | C60: ='Two-par'!Q59 -> 25.25 | D60: ='One-par'!Q59 -> 238.16667 | E60: ='Zero-par'!Q59 -> 199.5 | G60: Wyoming | H60: =TFam!R59 -> 454.08333 | I60: ='Two-par'!R59 -> 25.583333 | J60: ='One-par'!R59 -> 231.83333 | K60: ='Zero-par'!R59 -> 196.66667
A61: =TFam!$A$3 -> 46111
A63: Notes:
A64: Fiscal year average is based on data Oct. 2024 through Sep. 2025
A65: Calendar year average is based on data Jan. 2025 through Dec. 2025
A66: "-" - data inapplicable
