Workbook

Sheet Children Participating
A1: WIC PROGRAM -- NUMBER OF CHILDREN PARTICIPATING
A2: ='Pregnant Women Participating'!A2 -> FISCAL YEAR 2025
A3: ='Pregnant Women Participating'!A3 -> Data as of October 09, 2026
A5: State Agency or Indian Tribal Organization | B5: =DATE(RIGHT(A2,4)-1,10,1) -> 45566 | C5: =DATE(RIGHT(A2,4)-1,11,1) -> 45597 | D5: =DATE(RIGHT(A2,4)-1,12,1) -> 45627 | E5: =DATE(RIGHT(A2,4),1,1) -> 45658 | F5: =DATE(RIGHT(A2,4),2,1) -> 45689 | G5: =DATE(RIGHT(A2,4),3,1) -> 45717 | H5: =DATE(RIGHT(A2,4),4,1) -> 45748 | I5: =DATE(RIGHT(A2,4),5,1) -> 45778 | J5: =DATE(RIGHT(A2,4),6,1) -> 45809 | K5: =DATE(RIGHT(A2,4),7,1) -> 45839 | L5: =DATE(RIGHT(A2,4),8,1) -> 45870 | M5: =DATE(RIGHT(A2,4),9,1) -> 45901 | N5: Average Participation
A6: ='Pregnant Women Participating'!A6 -> Connecticut | B6: 29653 | C6: 29629 | D6: 29473 | E6: 29940 | F6: 29836 | G6: 30261 | H6: 30389 | I6: 30397 | J6: 30309 | K6: 30499 | L6: 30503 | M6: 30713 | N6: =IF(SUM(B6:M6)>0,AVERAGE(B6:M6)," ") -> 30133.5
A7: ='Pregnant Women Participating'!A7 -> Maine | B7: 11221 | C7: 11150 | D7: 11015 | E7: 11035 | F7: 11048 | G7: 11070 | H7: 11125 | I7: 11171 | J7: 11225 | K7: 11234 | L7: 11288 | M7: 11239 | N7: =IF(SUM(B7:M7)>0,AVERAGE(B7:M7)," ") -> 11151.75
A8: ='Pregnant Women Participating'!A8 -> Massachusetts | B8: 73912 | C8: 73520 | D8: 73052 | E8: 73546 | F8: 73015 | G8: 73039 | H8: 72324 | I8: 72239 | J8: 71552 | K8: 71858 | L8: 71614 | M8: 72510 | N8: =IF(SUM(B8:M8)>0,AVERAGE(B8:M8)," ") -> 72681.75
A9: ='Pregnant Women Participating'!A9 -> New Hampshire | B9: 7708 | C9: 7681 | D9: 7671 | E9: 7712 | F9: 7609 | G9: 7659 | H9: 7679 | I9: 7689 | J9: 7602 | K9: 7561 | L9: 7506 | M9: 7484 | N9: =IF(SUM(B9:M9)>0,AVERAGE(B9:M9)," ") -> 7630.0833
A10: ='Pregnant Women Participating'!A10 -> New York | B10: 263395 | C10: 263751 | D10: 264034 | E10: 266656 | F10: 267743 | G10: 270518 | H10: 271320 | I10: 272801 | J10: 272086 | K10: 272461 | L10: 272602 | M10: 274178 | N10: =IF(SUM(B10:M10)>0,AVERAGE(B10:M10)," ") -> 269295.42
A11: ='Pregnant Women Participating'!A11 -> Rhode Island | B11: 10466 | C11: 10497 | D11: 10540 | E11: 10615 | F11: 10575 | G11: 10629 | H11: 10636 | I11: 10526 | J11: 10402 | K11: 10441 | L11: 10410 | M11: 10423 | N11: =IF(SUM(B11:M11)>0,AVERAGE(B11:M11)," ") -> 10513.333
A12: ='Pregnant Women Participating'!A12 -> Vermont | B12: 6306 | C12: 6373 | D12: 6424 | E12: 6425 | F12: 6432 | G12: 6472 | H12: 6441 | I12: 6395 | J12: 6415 | K12: 6443 | L12: 6466 | M12: 6453 | N12: =IF(SUM(B12:M12)>0,AVERAGE(B12:M12)," ") -> 6420.4167
A13: ='Pregnant Women Participating'!A13 -> Virgin Islands | B13: 1354 | C13: 1344 | D13: 1316 | E13: 1327 | F13: 1341 | G13: 1293 | H13: 1280 | I13: 1275 | J13: 1271 | K13: 1277 | L13: 1307 | M13: 1316 | N13: =IF(SUM(B13:M13)>0,AVERAGE(B13:M13)," ") -> 1308.4167
A14: ='Pregnant Women Participating'!A14 -> Pleasant Point, ME | B14: 24 | C14: 24 | D14: 24 | E14: 23 | F14: 20 | G14: 20 | H14: 25 | I14: 24 | J14: 23 | K14: 25 | L14: 24 | M14: 24 | N14: =IF(SUM(B14:M14)>0,AVERAGE(B14:M14)," ") -> 23.333333
A15: ='Pregnant Women Participating'!A15 -> Northeast Region | B15: 404039 | C15: 403969 | D15: 403549 | E15: 407279 | F15: 407619 | G15: 410961 | H15: 411219 | I15: 412517 | J15: 410885 | K15: 411799 | L15: 411720 | M15: 414340 | N15: =IF(SUM(B15:M15)>0,AVERAGE(B15:M15)," ") -> 409158
A16: ='Pregnant Women Participating'!A16 -> Delaware | B16: 13795 | C16: 13727 | D16: 13693 | E16: 13738 | F16: 13735 | G16: 13904 | H16: 13870 | I16: 14020 | J16: 14051 | K16: 14029 | L16: 14002 | M16: 14249 | N16: =IF(SUM(B16:M16)>0,AVERAGE(B16:M16)," ") -> 13901.083
A17: ='Pregnant Women Participating'!A17 -> District of Columbia | B17: 6408 | C17: 6485 | D17: 6619 | E17: 6642 | F17: 6628 | G17: 6664 | H17: 6669 | I17: 6640 | J17: 6631 | K17: 6737 | L17: 6777 | M17: 6815 | N17: =IF(SUM(B17:M17)>0,AVERAGE(B17:M17)," ") -> 6642.9167
... A101: ='Pregnant Women Participating'!A101 -> TOTAL | B101: 3821642 | C101: 3798132 | D101: 3783609 | E101: 3796977 | F101: 3792406 | G101: 3825049 | H101: 3840395 | I101: 3855343 | J101: 3859324 | K101: 3882522 | L101: 3892619 | M101: 3904910 | N101: =IF(SUM(B101:M101)>0,AVERAGE(B101:M101)," ") -> 3837744
A104: All data are preliminary and are subject to revision.

Sheet Total Number of Participants
A1: WIC PROGRAM -- TOTAL NUMBER OF PARTICIPANTS
A2: ='Pregnant Women Participating'!A2 -> FISCAL YEAR 2025
A3: ='Pregnant Women Participating'!A3 -> Data as of October 09, 2026
A5: State Agency or Indian Tribal Organization | B5: =DATE(RIGHT(A2,4)-1,10,1) -> 45566 | C5: =DATE(RIGHT(A2,4)-1,11,1) -> 45597 | D5: =DATE(RIGHT(A2,4)-1,12,1) -> 45627 | E5: =DATE(RIGHT(A2,4),1,1) -> 45658 | F5: =DATE(RIGHT(A2,4),2,1) -> 45689 | G5: =DATE(RIGHT(A2,4),3,1) -> 45717 | H5: =DATE(RIGHT(A2,4),4,1) -> 45748 | I5: =DATE(RIGHT(A2,4),5,1) -> 45778 | J5: =DATE(RIGHT(A2,4),6,1) -> 45809 | K5: =DATE(RIGHT(A2,4),7,1) -> 45839 | L5: =DATE(RIGHT(A2,4),8,1) -> 45870 | M5: =DATE(RIGHT(A2,4),9,1) -> 45901 | N5: Average Participation
A6: ='Pregnant Women Participating'!A6 -> Connecticut | B6: 52514 | C6: 52087 | D6: 51622 | E6: 52473 | F6: 52110 | G6: 52631 | H6: 52825 | I6: 52912 | J6: 52575 | K6: 53011 | L6: 52807 | M6: 53073 | N6: =IF(SUM(B6:M6)>0,AVERAGE(B6:M6)," ") -> 52553.333
A7: ='Pregnant Women Participating'!A7 -> Maine | B7: 18975 | C7: 18803 | D7: 18630 | E7: 18697 | F7: 18587 | G7: 18657 | H7: 18752 | I7: 18889 | J7: 18960 | K7: 19084 | L7: 19132 | M7: 19154 | N7: =IF(SUM(B7:M7)>0,AVERAGE(B7:M7)," ") -> 18860
A8: ='Pregnant Women Participating'!A8 -> Massachusetts | B8: 124328 | C8: 123689 | D8: 122506 | E8: 123809 | F8: 122719 | G8: 123133 | H8: 121466 | I8: 121938 | J8: 120459 | K8: 120764 | L8: 120023 | M8: 120985 | N8: =IF(SUM(B8:M8)>0,AVERAGE(B8:M8)," ") -> 122151.58
A9: ='Pregnant Women Participating'!A9 -> New Hampshire | B9: 12375 | C9: 12278 | D9: 12273 | E9: 12301 | F9: 12126 | G9: 12232 | H9: 12282 | I9: 12288 | J9: 12105 | K9: 12114 | L9: 12054 | M9: 12016 | N9: =IF(SUM(B9:M9)>0,AVERAGE(B9:M9)," ") -> 12203.667
A10: ='Pregnant Women Participating'!A10 -> New York | B10: 451198 | C10: 449179 | D10: 448691 | E10: 453272 | F10: 453585 | G10: 458210 | H10: 459000 | I10: 460795 | J10: 457831 | K10: 459227 | L10: 457603 | M10: 459613 | N10: =IF(SUM(B10:M10)>0,AVERAGE(B10:M10)," ") -> 455683.67
A11: ='Pregnant Women Participating'!A11 -> Rhode Island | B11: 18268 | C11: 18202 | D11: 18153 | E11: 18359 | F11: 18331 | G11: 18333 | H11: 18321 | I11: 18202 | J11: 18078 | K11: 18219 | L11: 18090 | M11: 18105 | N11: =IF(SUM(B11:M11)>0,AVERAGE(B11:M11)," ") -> 18221.75
A12: ='Pregnant Women Participating'!A12 -> Vermont | B12: 10297 | C12: 10339 | D12: 10311 | E12: 10391 | F12: 10394 | G12: 10426 | H12: 10412 | I12: 10366 | J12: 10358 | K12: 10425 | L12: 10409 | M12: 10430 | N12: =IF(SUM(B12:M12)>0,AVERAGE(B12:M12)," ") -> 10379.833
A13: ='Pregnant Women Participating'!A13 -> Virgin Islands | B13: 2591 | C13: 2526 | D13: 2475 | E13: 2515 | F13: 2495 | G13: 2441 | H13: 2446 | I13: 2460 | J13: 2455 | K13: 2439 | L13: 2481 | M13: 2480 | N13: =IF(SUM(B13:M13)>0,AVERAGE(B13:M13)," ") -> 2483.6667
A14: ='Pregnant Women Participating'!A14 -> Pleasant Point, ME | B14: 38 | C14: 36 | D14: 34 | E14: 38 | F14: 36 | G14: 36 | H14: 39 | I14: 37 | J14: 38 | K14: 41 | L14: 41 | M14: 43 | N14: =IF(SUM(B14:M14)>0,AVERAGE(B14:M14)," ") -> 38.083333
A15: ='Pregnant Women Participating'!A15 -> Northeast Region | B15: 690584 | C15: 687139 | D15: 684695 | E15: 691855 | F15: 690383 | G15: 696099 | H15: 695543 | I15: 697887 | J15: 692859 | K15: 695324 | L15: 692640 | M15: 695899 | N15: =IF(SUM(B15:M15)>0,AVERAGE(B15:M15)," ") -> 692575.58
A16: ='Pregnant Women Participating'!A16 -> Delaware | B16: 23804 | C16: 23470 | D16: 23241 | E16: 23278 | F16: 23195 | G16: 23395 | H16: 23346 | I16: 23478 | J16: 23500 | K16: 23506 | L16: 23272 | M16: 23708 | N16: =IF(SUM(B16:M16)>0,AVERAGE(B16:M16)," ") -> 23432.75
A17: ='Pregnant Women Participating'!A17 -> District of Columbia | B17: 12538 | C17: 12506 | D17: 12572 | E17: 12618 | F17: 12454 | G17: 12564 | H17: 12549 | I17: 12455 | J17: 12367 | K17: 12524 | L17: 12421 | M17: 12539 | N17: =IF(SUM(B17:M17)>0,AVERAGE(B17:M17)," ") -> 12508.917
... A101: ='Pregnant Women Participating'!A101 -> TOTAL | B101: 6907747 | C101: 6829501 | D101: 6784735 | E101: 6822876 | F101: 6802175 | G101: 6850836 | H101: 6877215 | I101: 6894610 | J101: 6883200 | K101: 6923325 | L101: 6911108 | M101: 6921686 | N101: =IF(SUM(B101:M101)>0,AVERAGE(B101:M101)," ") -> 6867417.8
A104: All data are preliminary and are subject to revision.

Sheet Nut. Services & Admin. Costs
A1: WIC PROGRAM -- NUTRITION SERVICES AND ADMINISTRATION
A2: ='Pregnant Women Participating'!A2 -> FISCAL YEAR 2025
A3: ='Pregnant Women Participating'!A3 -> Data as of October 09, 2026
A5: State Agency or Indian Tribal Organization | B5: Cumulative Cost: October-September
A6: ='Pregnant Women Participating'!A6 -> Connecticut | B6: 15472160
A7: ='Pregnant Women Participating'!A7 -> Maine | B7: 7682153
A8: ='Pregnant Women Participating'!A8 -> Massachusetts | B8: 32804346
A9: ='Pregnant Women Participating'!A9 -> New Hampshire | B9: 4428883
A10: ='Pregnant Women Participating'!A10 -> New York | B10: 160676490
A11: ='Pregnant Women Participating'!A11 -> Rhode Island | B11: 6926594
A12: ='Pregnant Women Participating'!A12 -> Vermont | B12: 6003291
A13: ='Pregnant Women Participating'!A13 -> Virgin Islands | B13: 2016233
A14: ='Pregnant Women Participating'!A14 -> Pleasant Point, ME | B14: 72924
A15: ='Pregnant Women Participating'!A15 -> Northeast Region | B15: 236083074
A16: ='Pregnant Women Participating'!A16 -> Delaware | B16: 6215387
A17: ='Pregnant Women Participating'!A17 -> District of Columbia | B17: 6400073
... A101: ='Pregnant Women Participating'!A101 -> TOTAL | B101: 2329439135
A104: All data are preliminary and are subject to revision.
